{
  "hash": "3dc24786",
  "configHash": "b33bbe31",
  "lockfileHash": "22a0d9e8",
  "browserHash": "278fd5ef",
  "optimized": {
    "@angular/common": {
      "src": "../../../../../../node_modules/@angular/common/fesm2022/common.mjs",
      "file": "@angular_common.js",
      "fileHash": "9c3d3319",
      "needsInterop": false
    },
    "@angular/common/http": {
      "src": "../../../../../../node_modules/@angular/common/fesm2022/http.mjs",
      "file": "@angular_common_http.js",
      "fileHash": "3a2a7a88",
      "needsInterop": false
    },
    "@angular/core": {
      "src": "../../../../../../node_modules/@angular/core/fesm2022/core.mjs",
      "file": "@angular_core.js",
      "fileHash": "09c986e8",
      "needsInterop": false
    },
    "@angular/forms": {
      "src": "../../../../../../node_modules/@angular/forms/fesm2022/forms.mjs",
      "file": "@angular_forms.js",
      "fileHash": "f0829317",
      "needsInterop": false
    },
    "@angular/platform-browser": {
      "src": "../../../../../../node_modules/@angular/platform-browser/fesm2022/platform-browser.mjs",
      "file": "@angular_platform-browser.js",
      "fileHash": "59e6d76c",
      "needsInterop": false
    },
    "@angular/router": {
      "src": "../../../../../../node_modules/@angular/router/fesm2022/router.mjs",
      "file": "@angular_router.js",
      "fileHash": "08c6de82",
      "needsInterop": false
    },
    "rxjs": {
      "src": "../../../../../../node_modules/rxjs/dist/esm5/index.js",
      "file": "rxjs.js",
      "fileHash": "4c89373e",
      "needsInterop": false
    },
    "rxjs/operators": {
      "src": "../../../../../../node_modules/rxjs/dist/esm5/operators/index.js",
      "file": "rxjs_operators.js",
      "fileHash": "89d42b2a",
      "needsInterop": false
    }
  },
  "chunks": {
    "chunk-RSNK4IBZ": {
      "file": "chunk-RSNK4IBZ.js"
    },
    "chunk-NLX3GZR7": {
      "file": "chunk-NLX3GZR7.js"
    },
    "chunk-ER3V62JO": {
      "file": "chunk-ER3V62JO.js"
    },
    "chunk-KOKAI2R2": {
      "file": "chunk-KOKAI2R2.js"
    },
    "chunk-3XXA2KJE": {
      "file": "chunk-3XXA2KJE.js"
    },
    "chunk-OAKRW3GV": {
      "file": "chunk-OAKRW3GV.js"
    },
    "chunk-SQ3T46PY": {
      "file": "chunk-SQ3T46PY.js"
    },
    "chunk-G5SRO2XT": {
      "file": "chunk-G5SRO2XT.js"
    }
  }
}